Search Query,Title,Material,Weight Value,Net Quantity,Link,img_url
spoon,"Frenchware Cutlery (Set of 12, Stainless Steel Spoons - 6 and Forks - 6), 100% Food Grade, Non Toxic, Anti-Rust, Dishwasher Safe, Perfect Gifting Set for All Occasions",Stainless Steel,0.35,12,https://www.amazon.in/sspa/click?ie=UTF8&spc=MTo0ODc4OTU5NDc4MDgyMDQ4OjE3NTY5MTM1ODI6c3BfYXRmOjMwMDUzMDQzMTE0MTIzMjo6MDo6&url=%2FFrenchware-Stainless-Anti-Rust-Dishwasher-Occasions%2Fdp%2FB0BFHVF69H%2Fref%3Dsr_1_1_sspa%3Fdib%3DeyJ2IjoiMSJ9.zNBSuu9ohZulGDufn6ndi7k68xSxLd4F9j9ADu1EFagAfEi0iNXwERcHNRTHY8OVDNP-oY1V7Z37FLspYopnjFOECp54E8g9ARE33zYuNjfrPW9-7PT7qI_gqsODxMD7RpA5-SWUxIY3Ye14z8T2P0py867Joj9ZQzdeGD0gy9j-6IVxixvNhmqoh3nWQUTEL6Pa_LkOkkrpnx8Jm6SaYN20nBe-GukX9HphuGTME8ecQO9WsaiHhqNffMj9rfUKsU9Ez-fIo88SiH_3GjO-unGQoupAxQts8K6y8P6b79Y.FQqSzfnQwX_jDQwCsrLPsL8oYT2os_GUDQHEQxt7Q8M%26dib_tag%3Dse%26keywords%3Dspoon%26qid%3D1756913582%26sr%3D8-1-spons%26sp_csd%3Dd2lkZ2V0TmFtZT1zcF9hdGY%26psc%3D1&aref=e1eHyyIAOI&sp_cr=ZAZ , https://m.media-amazon.com/images/I/51vhje1ohXL._SX300_SY300_QL70_FMwebp_.jpg
spoon,"Kodenipr Club Stainless Steel Dinning, Dinner Spoons, Table Spoon Set of 12, Length 16cm (Medium Spoon)",Stainless Steel,0.035,12,https://www.amazon.in/sspa/click?ie=UTF8&spc=MTo0ODc4OTU5NDc4MDgyMDQ4OjE3NTY5MTM1ODI6c3BfYXRmOjIwMDI0MTAxODEyNzA4OjowOjo&url=%2FKodenipr-Stainless-Medium-Dinner-Length%2Fdp%2FB07VG2NPWK%2Fref%3Dsr_1_2_sspa%3Fdib%3DeyJ2IjoiMSJ9.zNBSuu9ohZulGDufn6ndi7k68xSxLd4F9j9ADu1EFagAfEi0iNXwERcHNRTHY8OVDNP-oY1V7Z37FLspYopnjFOECp54E8g9ARE33zYuNjfrPW9-7PT7qI_gqsODxMD7RpA5-SWUxIY3Ye14z8T2P0py867Joj9ZQzdeGD0gy9j-6IVxixvNhmqoh3nWQUTEL6Pa_LkOkkrpnx8Jm6SaYN20nBe-GukX9HphuGTME8ecQO9WsaiHhqNffMj9rfUKsU9Ez-fIo88SiH_3GjO-unGQoupAxQts8K6y8P6b79Y.FQqSzfnQwX_jDQwCsrLPsL8oYT2os_GUDQHEQxt7Q8M%26dib_tag%3Dse%26keywords%3Dspoon%26qid%3D1756913582%26sr%3D8-2-spons%26sp_csd%3Dd2lkZ2V0TmFtZT1zcF9hdGY%26psc%3D1&aref=l7XZSvuLX7&sp_cr=ZAZ , https://m.media-amazon.com/images/I/61Tn04AdleL._SX679_.jpg
spoon,Sumeet Stainless Steel Dessert/Table Spoon Set of 12 Pc – (18.5cm L) (1.6mm Thick),Stainless Steel,0.45,12,https://www.amazon.in/sspa/click?ie=UTF8&spc=MTo0ODc4OTU5NDc4MDgyMDQ4OjE3NTY5MTM1ODI6c3BfYXRmOjMwMDAwNjg2Mjk2NTgzMjo6MDo6&url=%2FSumeet-Stainless-Premium-Quality-Dessert%2Fdp%2FB07R955R5K%2Fref%3Dsr_1_3_sspa%3Fdib%3DeyJ2IjoiMSJ9.zNBSuu9ohZulGDufn6ndi7k68xSxLd4F9j9ADu1EFagAfEi0iNXwERcHNRTHY8OVDNP-oY1V7Z37FLspYopnjFOECp54E8g9ARE33zYuNjfrPW9-7PT7qI_gqsODxMD7RpA5-SWUxIY3Ye14z8T2P0py867Joj9ZQzdeGD0gy9j-6IVxixvNhmqoh3nWQUTEL6Pa_LkOkkrpnx8Jm6SaYN20nBe-GukX9HphuGTME8ecQO9WsaiHhqNffMj9rfUKsU9Ez-fIo88SiH_3GjO-unGQoupAxQts8K6y8P6b79Y.FQqSzfnQwX_jDQwCsrLPsL8oYT2os_GUDQHEQxt7Q8M%26dib_tag%3Dse%26keywords%3Dspoon%26qid%3D1756913582%26sr%3D8-3-spons%26sp_csd%3Dd2lkZ2V0TmFtZT1zcF9hdGY%26psc%3D1&aref=r4ryA1bPFq&sp_cr=ZAZ , https://m.media-amazon.com/images/I/41F6mTjAFEL._SX300_SY300_QL70_FMwebp_.jpg
spoon,"Parage 12 Pieces Stainless Steel Table Spoons Set with Round Edge, 18.5 cm, Tableware, Set of 12, Silver",Stainless Steel,0.4,1,https://www.amazon.in/sspa/click?ie=UTF8&spc=MTo0ODc4OTU5NDc4MDgyMDQ4OjE3NTY5MTM1ODI6c3BfYXRmOjIwMDczODIxNTk2ODA1OjowOjo&url=%2FParage-Stainless-Spoons-Tableware-Silver%2Fdp%2FB08BFB5GCX%2Fref%3Dsr_1_4_sspa%3Fdib%3DeyJ2IjoiMSJ9.zNBSuu9ohZulGDufn6ndi7k68xSxLd4F9j9ADu1EFagAfEi0iNXwERcHNRTHY8OVDNP-oY1V7Z37FLspYopnjFOECp54E8g9ARE33zYuNjfrPW9-7PT7qI_gqsODxMD7RpA5-SWUxIY3Ye14z8T2P0py867Joj9ZQzdeGD0gy9j-6IVxixvNhmqoh3nWQUTEL6Pa_LkOkkrpnx8Jm6SaYN20nBe-GukX9HphuGTME8ecQO9WsaiHhqNffMj9rfUKsU9Ez-fIo88SiH_3GjO-unGQoupAxQts8K6y8P6b79Y.FQqSzfnQwX_jDQwCsrLPsL8oYT2os_GUDQHEQxt7Q8M%26dib_tag%3Dse%26keywords%3Dspoon%26qid%3D1756913582%26sr%3D8-4-spons%26sp_csd%3Dd2lkZ2V0TmFtZT1zcF9hdGY%26psc%3D1&aref=yCZNMBEaKJ&sp_cr=ZAZ , https://m.media-amazon.com/images/I/31pFQz9yAUL._SY300_SX300_QL70_FMwebp_.jpg
spoon,Kanshita's Rasoiware Stainless Steel Tea Spoon Set | Pack of 6 | Durable & Food-Grade Cutlery,Stainless Steel,0.35,6,https://www.amazon.in/Kanshitas-Rasoiware-Stainless-Tea-Spoon/dp/B09GRXLDBR/ref=sr_1_5?dib=eyJ2IjoiMSJ9.zNBSuu9ohZulGDufn6ndi7k68xSxLd4F9j9ADu1EFagAfEi0iNXwERcHNRTHY8OVDNP-oY1V7Z37FLspYopnjFOECp54E8g9ARE33zYuNjfrPW9-7PT7qI_gqsODxMD7RpA5-SWUxIY3Ye14z8T2P0py867Joj9ZQzdeGD0gy9j-6IVxixvNhmqoh3nWQUTEL6Pa_LkOkkrpnx8Jm6SaYN20nBe-GukX9HphuGTME8ecQO9WsaiHhqNffMj9rfUKsU9Ez-fIo88SiH_3GjO-unGQoupAxQts8K6y8P6b79Y.FQqSzfnQwX_jDQwCsrLPsL8oYT2os_GUDQHEQxt7Q8M&dib_tag=se&keywords=spoon&qid=1756913582&sr=8-5 , https://m.media-amazon.com/images/I/31jB9Ig2UbL._SY300_SX300_QL70_FMwebp_.jpg
spoon,"Parage Stainless Steel Spoons Set of 12, Dinner Spoon Length 16cm, Food Grade Silverware for Home & Kitchen- Mirror Polished, 12 Silver Spoons",Stainless Steel,0.4,12,https://www.amazon.in/Parage-Stainless-Dinner-Spoons-Length/dp/B08SHMS8L6/ref=sr_1_6?dib=eyJ2IjoiMSJ9.zNBSuu9ohZulGDufn6ndi7k68xSxLd4F9j9ADu1EFagAfEi0iNXwERcHNRTHY8OVDNP-oY1V7Z37FLspYopnjFOECp54E8g9ARE33zYuNjfrPW9-7PT7qI_gqsODxMD7RpA5-SWUxIY3Ye14z8T2P0py867Joj9ZQzdeGD0gy9j-6IVxixvNhmqoh3nWQUTEL6Pa_LkOkkrpnx8Jm6SaYN20nBe-GukX9HphuGTME8ecQO9WsaiHhqNffMj9rfUKsU9Ez-fIo88SiH_3GjO-unGQoupAxQts8K6y8P6b79Y.FQqSzfnQwX_jDQwCsrLPsL8oYT2os_GUDQHEQxt7Q8M&dib_tag=se&keywords=spoon&qid=1756913582&sr=8-6 , https://m.media-amazon.com/images/I/51aHL1xvlGL._SX300_SY300_QL70_FMwebp_.jpg
spoon,"Parage 24 Pieces Lily Cutlery Set Stainless Steel with Stand (Contains 6 Dinner Spoons, 6 Tea Spoon, 6 Dinner Fork, 6 Soup Spoons, 1 Stand) Spoon Set for Dining Table Stylish, Mirror Polished",Stainless Steel,0.7,25,https://www.amazon.in/Parag-Stainless-Steel-Cutlery-Silver/dp/B07L9QK9SF/ref=sr_1_7?dib=eyJ2IjoiMSJ9.zNBSuu9ohZulGDufn6ndi7k68xSxLd4F9j9ADu1EFagAfEi0iNXwERcHNRTHY8OVDNP-oY1V7Z37FLspYopnjFOECp54E8g9ARE33zYuNjfrPW9-7PT7qI_gqsODxMD7RpA5-SWUxIY3Ye14z8T2P0py867Joj9ZQzdeGD0gy9j-6IVxixvNhmqoh3nWQUTEL6Pa_LkOkkrpnx8Jm6SaYN20nBe-GukX9HphuGTME8ecQO9WsaiHhqNffMj9rfUKsU9Ez-fIo88SiH_3GjO-unGQoupAxQts8K6y8P6b79Y.FQqSzfnQwX_jDQwCsrLPsL8oYT2os_GUDQHEQxt7Q8M&dib_tag=se&keywords=spoon&qid=1756913582&sr=8-7 , https://m.media-amazon.com/images/I/41BRD+mS9iL._SY300_SX300_.jpg
spoon,"Frenchware Cutlery (Set of 6, Stainless Steel Sliver Spoons Set), 100% Food Grade, Non Toxic, Anti-Rust, Dishwasher Safe, Perfect Gifting Set for All Occasions",Stainless Steel,0.21,6,https://www.amazon.in/Frenchware-Cutlery-Set-Stainless-Dishwasher/dp/B0F7FLT7L4/ref=sr_1_8?dib=eyJ2IjoiMSJ9.zNBSuu9ohZulGDufn6ndi7k68xSxLd4F9j9ADu1EFagAfEi0iNXwERcHNRTHY8OVDNP-oY1V7Z37FLspYopnjFOECp54E8g9ARE33zYuNjfrPW9-7PT7qI_gqsODxMD7RpA5-SWUxIY3Ye14z8T2P0py867Joj9ZQzdeGD0gy9j-6IVxixvNhmqoh3nWQUTEL6Pa_LkOkkrpnx8Jm6SaYN20nBe-GukX9HphuGTME8ecQO9WsaiHhqNffMj9rfUKsU9Ez-fIo88SiH_3GjO-unGQoupAxQts8K6y8P6b79Y.FQqSzfnQwX_jDQwCsrLPsL8oYT2os_GUDQHEQxt7Q8M&dib_tag=se&keywords=spoon&qid=1756913582&sr=8-8 , https://m.media-amazon.com/images/I/61LEJqg0DxL._SX679_.jpg
spoon,"HASTHIP® Golden Spoon Set/Coffee Spoon/Dessert Spoon/Cutlery Kitchen Tableware/Stainless Steel Gold Flower Shape Coffee Spoon with Package Bag, 18cm, 4 Pcs Different Coffee Spoon",Stainless Steel,0.0786,1,https://www.amazon.in/HASTHIP%C2%AE-Dessert-Tableware-Stainless-Different/dp/B09LCDMNFL/ref=sr_1_9?dib=eyJ2IjoiMSJ9.zNBSuu9ohZulGDufn6ndi7k68xSxLd4F9j9ADu1EFagAfEi0iNXwERcHNRTHY8OVDNP-oY1V7Z37FLspYopnjFOECp54E8g9ARE33zYuNjfrPW9-7PT7qI_gqsODxMD7RpA5-SWUxIY3Ye14z8T2P0py867Joj9ZQzdeGD0gy9j-6IVxixvNhmqoh3nWQUTEL6Pa_LkOkkrpnx8Jm6SaYN20nBe-GukX9HphuGTME8ecQO9WsaiHhqNffMj9rfUKsU9Ez-fIo88SiH_3GjO-unGQoupAxQts8K6y8P6b79Y.FQqSzfnQwX_jDQwCsrLPsL8oYT2os_GUDQHEQxt7Q8M&dib_tag=se&keywords=spoon&qid=1756913582&sr=8-9 , https://m.media-amazon.com/images/I/51WJX4fAueL._SX679_.jpg
spoon,"Mkay Inox 12 Pieces Stainless Steel Dinner Spoons Set for Home & Kitchen, 16 cm Long, for Dining Table, Dining Tableware Cutlery Set, Silver (Spoon-Set of 12)",Stainless Steel,0.3,12,https://www.amazon.in/12-Stainless-Kitchen-Tableware-Spoon-Set/dp/B0F4XSHB4M/ref=sr_1_10?dib=eyJ2IjoiMSJ9.zNBSuu9ohZulGDufn6ndi7k68xSxLd4F9j9ADu1EFagAfEi0iNXwERcHNRTHY8OVDNP-oY1V7Z37FLspYopnjFOECp54E8g9ARE33zYuNjfrPW9-7PT7qI_gqsODxMD7RpA5-SWUxIY3Ye14z8T2P0py867Joj9ZQzdeGD0gy9j-6IVxixvNhmqoh3nWQUTEL6Pa_LkOkkrpnx8Jm6SaYN20nBe-GukX9HphuGTME8ecQO9WsaiHhqNffMj9rfUKsU9Ez-fIo88SiH_3GjO-unGQoupAxQts8K6y8P6b79Y.FQqSzfnQwX_jDQwCsrLPsL8oYT2os_GUDQHEQxt7Q8M&dib_tag=se&keywords=spoon&qid=1756913582&sr=8-10 , https://m.media-amazon.com/images/I/41yJeyt623L._SX300_SY300_QL70_FMwebp_.jpg
mold,Prime Bakers and Moulders Mini Aluminum Tart Mould Cups Set of 24 Small Baking molds for Oven (Medium),Aluminium,0.4,1,https://www.amazon.in/sspa/click?ie=UTF8&spc=MToyNDI2MzkzMDU5ODg5ODUwOjE3NTY5MTM3OTE6c3BfYXRmOjMwMDU1NTY2OTA4NjgzMjo6MDo6&url=%2FPrime-Bakers-Moulders-Mini-Tart%2Fdp%2FB0F7FFRS2V%2Fref%3Dsr_1_1_sspa%3Fdib%3DeyJ2IjoiMSJ9.EV3a2DHsDZWACjXhn_QlE-OM11nEwIK9TPX4BITIJLeacJxz-7-Pwb8XDbp7vKIRLUX-cEdc3OMRARSi1jQ7M36b_qnyypSzkS8U4ysbQG1d3aVwKsvWnSRKs8pSXmZPHqBd34hGqbF3Ioxb8inuN2ux7nn4AI2uSE0SdkZBWP5_63Nv6Nfsm4fb9GVS2bm6Jcb5XJLtTAJSa0C8HG1DoCk-VS-0JBMpfhM4gadUQUaqc-gHc2XqfLqTNVjqjsZIrE0UeRvrkeA6ZvmcI7ub9WQELciEBxdfJ7zrdDcdU0M.qv-8SO_Mk8YRNDWmcvZY9dadxVKKC-G8CJjoqcc8jMc%26dib_tag%3Dse%26keywords%3Dmold%26qid%3D1756913791%26sr%3D8-1-spons%26sp_csd%3Dd2lkZ2V0TmFtZT1zcF9hdGY%26psc%3D1&aref=4GJNjN5eXf&sp_cr=ZAZ , https://m.media-amazon.com/images/I/51oxyqgpKvL._SY300_SX300_QL70_FMwebp_.jpg
mold,"Amazon Brand - Solimo Silicone Soap Mould, Circle, Square, Oval and Heart Shape,Red, 15 Cm",Silicone,0.1,1,https://www.amazon.in/sspa/click?ie=UTF8&spc=MToyNDI2MzkzMDU5ODg5ODUwOjE3NTY5MTM3OTE6c3BfYXRmOjMwMDY4NTA4MzQxOTEzMjo6MDo6&url=%2FAmazon-Brand-Solimo-Silicone-Circle%2Fdp%2FB0C53H9N75%2Fref%3Dsr_1_2_sspa%3Fdib%3DeyJ2IjoiMSJ9.EV3a2DHsDZWACjXhn_QlE-OM11nEwIK9TPX4BITIJLeacJxz-7-Pwb8XDbp7vKIRLUX-cEdc3OMRARSi1jQ7M36b_qnyypSzkS8U4ysbQG1d3aVwKsvWnSRKs8pSXmZPHqBd34hGqbF3Ioxb8inuN2ux7nn4AI2uSE0SdkZBWP5_63Nv6Nfsm4fb9GVS2bm6Jcb5XJLtTAJSa0C8HG1DoCk-VS-0JBMpfhM4gadUQUaqc-gHc2XqfLqTNVjqjsZIrE0UeRvrkeA6ZvmcI7ub9WQELciEBxdfJ7zrdDcdU0M.qv-8SO_Mk8YRNDWmcvZY9dadxVKKC-G8CJjoqcc8jMc%26dib_tag%3Dse%26keywords%3Dmold%26qid%3D1756913791%26sr%3D8-2-spons%26sp_csd%3Dd2lkZ2V0TmFtZT1zcF9hdGY%26psc%3D1&aref=hnch7V1p4k&sp_cr=ZAZ , https://m.media-amazon.com/images/I/41zrxeVAhyL._SY300_SX300_QL70_FMwebp_.jpg
mold,REDSKY Silicone Rectangular Mould | 6-Cavity | Purple | DIY Baking & Soap Making,Silicone,0.4,4,https://www.amazon.in/sspa/click?ie=UTF8&spc=MToyNDI2MzkzMDU5ODg5ODUwOjE3NTY5MTM3OTE6c3BfYXRmOjMwMDE1MzE0MDMyODEzMjo6MDo6&url=%2FSilicone-Cavity-Rectangular-Baking-Hand-Made%2Fdp%2FB0CL7GVGR9%2Fref%3Dsr_1_3_sspa%3Fdib%3DeyJ2IjoiMSJ9.EV3a2DHsDZWACjXhn_QlE-OM11nEwIK9TPX4BITIJLeacJxz-7-Pwb8XDbp7vKIRLUX-cEdc3OMRARSi1jQ7M36b_qnyypSzkS8U4ysbQG1d3aVwKsvWnSRKs8pSXmZPHqBd34hGqbF3Ioxb8inuN2ux7nn4AI2uSE0SdkZBWP5_63Nv6Nfsm4fb9GVS2bm6Jcb5XJLtTAJSa0C8HG1DoCk-VS-0JBMpfhM4gadUQUaqc-gHc2XqfLqTNVjqjsZIrE0UeRvrkeA6ZvmcI7ub9WQELciEBxdfJ7zrdDcdU0M.qv-8SO_Mk8YRNDWmcvZY9dadxVKKC-G8CJjoqcc8jMc%26dib_tag%3Dse%26keywords%3Dmold%26qid%3D1756913791%26sr%3D8-3-spons%26sp_csd%3Dd2lkZ2V0TmFtZT1zcF9hdGY%26psc%3D1&aref=aAfoHfbPmn&sp_cr=ZAZ ,https://m.media-amazon.com/images/I/41gAM0Zwo1L._SX300_SY300_QL70_FMwebp_.jpg
mold,"Reyal Plastic 10"" X 10"" 225 KHANNA Chequred Tile Mould(H : 25mm) Interlocking Paver block Mould outdoor paving chequred tiles mould (10)",Plastic,0.3,1,https://www.amazon.in/sspa/click?ie=UTF8&spc=MToyNDI2MzkzMDU5ODg5ODUwOjE3NTY5MTM3OTE6c3BfYXRmOjMwMDY3MjIzNzg4MTczMjo6MDo6&url=%2FReyal-Plastic-KHANNA-Chequred-Mould%2Fdp%2FB0DJ8PWLS3%2Fref%3Dsr_1_4_sspa%3Fdib%3DeyJ2IjoiMSJ9.EV3a2DHsDZWACjXhn_QlE-OM11nEwIK9TPX4BITIJLeacJxz-7-Pwb8XDbp7vKIRLUX-cEdc3OMRARSi1jQ7M36b_qnyypSzkS8U4ysbQG1d3aVwKsvWnSRKs8pSXmZPHqBd34hGqbF3Ioxb8inuN2ux7nn4AI2uSE0SdkZBWP5_63Nv6Nfsm4fb9GVS2bm6Jcb5XJLtTAJSa0C8HG1DoCk-VS-0JBMpfhM4gadUQUaqc-gHc2XqfLqTNVjqjsZIrE0UeRvrkeA6ZvmcI7ub9WQELciEBxdfJ7zrdDcdU0M.qv-8SO_Mk8YRNDWmcvZY9dadxVKKC-G8CJjoqcc8jMc%26dib_tag%3Dse%26keywords%3Dmold%26qid%3D1756913791%26sr%3D8-4-spons%26sp_csd%3Dd2lkZ2V0TmFtZT1zcF9hdGY%26psc%3D1&aref=OJoQ4l8yqo&sp_cr=ZAZ , https://m.media-amazon.com/images/I/410OfMS3mzL._SY445_SX342_QL70_FMwebp_.jpg
mold,Clazkit Flexible Silicone Honeycomb 37 Cavity Ice Cube Tray for Freezer Moulds Small Cubes Whiskey Fridge Bar Soft Ice Cube Tray -Pack of 1,Silicone,0.1,1,https://www.amazon.in/Clazkit-Flexible-Silicone-Honeycomb-Multicolor/dp/B0BVQJGGY1/ref=sr_1_5?dib=eyJ2IjoiMSJ9.EV3a2DHsDZWACjXhn_QlE-OM11nEwIK9TPX4BITIJLeacJxz-7-Pwb8XDbp7vKIRLUX-cEdc3OMRARSi1jQ7M36b_qnyypSzkS8U4ysbQG1d3aVwKsvWnSRKs8pSXmZPHqBd34hGqbF3Ioxb8inuN2ux7nn4AI2uSE0SdkZBWP5_63Nv6Nfsm4fb9GVS2bm6Jcb5XJLtTAJSa0C8HG1DoCk-VS-0JBMpfhM4gadUQUaqc-gHc2XqfLqTNVjqjsZIrE0UeRvrkeA6ZvmcI7ub9WQELciEBxdfJ7zrdDcdU0M.qv-8SO_Mk8YRNDWmcvZY9dadxVKKC-G8CJjoqcc8jMc&dib_tag=se&keywords=mold&qid=1756913791&sr=8-5 , https://m.media-amazon.com/images/I/51zd-inyAwL._SX300_SY300_QL70_FMwebp_.jpg
mold,"Clazkit Silicone Circle, Square, Oval and Heart Shape Soap Cake Making Mould, Multicolor",Silicone,0.07,1,https://www.amazon.in/Clazkit-Silicone-Circle-Square-Multicolor/dp/B07XT16YH4/ref=sr_1_6?dib=eyJ2IjoiMSJ9.EV3a2DHsDZWACjXhn_QlE-OM11nEwIK9TPX4BITIJLeacJxz-7-Pwb8XDbp7vKIRLUX-cEdc3OMRARSi1jQ7M36b_qnyypSzkS8U4ysbQG1d3aVwKsvWnSRKs8pSXmZPHqBd34hGqbF3Ioxb8inuN2ux7nn4AI2uSE0SdkZBWP5_63Nv6Nfsm4fb9GVS2bm6Jcb5XJLtTAJSa0C8HG1DoCk-VS-0JBMpfhM4gadUQUaqc-gHc2XqfLqTNVjqjsZIrE0UeRvrkeA6ZvmcI7ub9WQELciEBxdfJ7zrdDcdU0M.qv-8SO_Mk8YRNDWmcvZY9dadxVKKC-G8CJjoqcc8jMc&dib_tag=se&keywords=mold&qid=1756913791&sr=8-6 , https://m.media-amazon.com/images/I/4197P1IvlnL._SX300_SY300_QL70_FMwebp_.jpg
mold,"Clazkit Silicone Flower Shape Chocolate Mould (Brown, 10-inch)",Silicone,0.05,1,https://www.amazon.in/Clazkit-Silicone-Flower-Chocolate-10-inch/dp/B07XSZJR9T/ref=sr_1_7?dib=eyJ2IjoiMSJ9.EV3a2DHsDZWACjXhn_QlE-OM11nEwIK9TPX4BITIJLeacJxz-7-Pwb8XDbp7vKIRLUX-cEdc3OMRARSi1jQ7M36b_qnyypSzkS8U4ysbQG1d3aVwKsvWnSRKs8pSXmZPHqBd34hGqbF3Ioxb8inuN2ux7nn4AI2uSE0SdkZBWP5_63Nv6Nfsm4fb9GVS2bm6Jcb5XJLtTAJSa0C8HG1DoCk-VS-0JBMpfhM4gadUQUaqc-gHc2XqfLqTNVjqjsZIrE0UeRvrkeA6ZvmcI7ub9WQELciEBxdfJ7zrdDcdU0M.qv-8SO_Mk8YRNDWmcvZY9dadxVKKC-G8CJjoqcc8jMc&dib_tag=se&keywords=mold&qid=1756913791&sr=8-7 , https://m.media-amazon.com/images/I/61ea0yVYl7L._SX679_.jpg
mold,"Radiance Store 13 Cavity Daisy Flower Clay Molds for Jewelry Making, Cake Decoration, Silicone Flower Molds for Earrings Candy Cake Candle Wax",Silicone,0.25,1,https://www.amazon.in/Radiance-Jewelry-Decoration-Silicone-Earrings/dp/B0F63BSH8D/ref=sr_1_8?dib=eyJ2IjoiMSJ9.EV3a2DHsDZWACjXhn_QlE-OM11nEwIK9TPX4BITIJLeacJxz-7-Pwb8XDbp7vKIRLUX-cEdc3OMRARSi1jQ7M36b_qnyypSzkS8U4ysbQG1d3aVwKsvWnSRKs8pSXmZPHqBd34hGqbF3Ioxb8inuN2ux7nn4AI2uSE0SdkZBWP5_63Nv6Nfsm4fb9GVS2bm6Jcb5XJLtTAJSa0C8HG1DoCk-VS-0JBMpfhM4gadUQUaqc-gHc2XqfLqTNVjqjsZIrE0UeRvrkeA6ZvmcI7ub9WQELciEBxdfJ7zrdDcdU0M.qv-8SO_Mk8YRNDWmcvZY9dadxVKKC-G8CJjoqcc8jMc&dib_tag=se&keywords=mold&qid=1756913791&sr=8-8 , https://m.media-amazon.com/images/I/51sMU6EF3WL._SY300_SX300_QL70_FMwebp_.jpg
mold,"Stewit Chocolate Silicon Mould, Random Design Chocolate Mould for Baking Making Chocolates (Mix Mould)",Silicone,0.15,1,https://www.amazon.in/Stewit-Chocolate-Silicon-Random-Chocolates/dp/B0DPVBM96N/ref=sr_1_9?dib=eyJ2IjoiMSJ9.EV3a2DHsDZWACjXhn_QlE-OM11nEwIK9TPX4BITIJLeacJxz-7-Pwb8XDbp7vKIRLUX-cEdc3OMRARSi1jQ7M36b_qnyypSzkS8U4ysbQG1d3aVwKsvWnSRKs8pSXmZPHqBd34hGqbF3Ioxb8inuN2ux7nn4AI2uSE0SdkZBWP5_63Nv6Nfsm4fb9GVS2bm6Jcb5XJLtTAJSa0C8HG1DoCk-VS-0JBMpfhM4gadUQUaqc-gHc2XqfLqTNVjqjsZIrE0UeRvrkeA6ZvmcI7ub9WQELciEBxdfJ7zrdDcdU0M.qv-8SO_Mk8YRNDWmcvZY9dadxVKKC-G8CJjoqcc8jMc&dib_tag=se&keywords=mold&qid=1756913791&sr=8-9 , https://m.media-amazon.com/images/I/41TYGpAxKxL._SX300_SY300_QL70_FMwebp_.jpg
mold,"53 Arts Resin Silicone Tray Mold for DIY Handmade Plate (Oval Capsule Tray Mould, 20.5 X 10.3 cm) - White",Silicone,0.05,1,https://www.amazon.in/Resin-Silicone-Handmade-Plate-Capsule/dp/B09L77HYZB/ref=sr_1_10?dib=eyJ2IjoiMSJ9.EV3a2DHsDZWACjXhn_QlE-OM11nEwIK9TPX4BITIJLeacJxz-7-Pwb8XDbp7vKIRLUX-cEdc3OMRARSi1jQ7M36b_qnyypSzkS8U4ysbQG1d3aVwKsvWnSRKs8pSXmZPHqBd34hGqbF3Ioxb8inuN2ux7nn4AI2uSE0SdkZBWP5_63Nv6Nfsm4fb9GVS2bm6Jcb5XJLtTAJSa0C8HG1DoCk-VS-0JBMpfhM4gadUQUaqc-gHc2XqfLqTNVjqjsZIrE0UeRvrkeA6ZvmcI7ub9WQELciEBxdfJ7zrdDcdU0M.qv-8SO_Mk8YRNDWmcvZY9dadxVKKC-G8CJjoqcc8jMc&dib_tag=se&keywords=mold&qid=1756913791&sr=8-10 , https://m.media-amazon.com/images/I/419yB28gUhL._SY445_SX342_QL70_FMwebp_.jpg
plastic chair,"Prima Plastic Chair for Living Room | Set of 2 | Chair for Home, Living Room, Outdoor | Stackable Chair Without Arm | 100% Virgin Plastic | Chair 4013 (Sandalwood Colour)",Plastic,0.95,2,https://www.amazon.in/sspa/click?ie=UTF8&spc=MToxNTM1NzkxMDIwNTc5MzE4OjE3NTY5MTM5NDM6c3BfYXRmOjIwMDI2MzMzMDAxMTk4OjowOjo&url=%2FPrima-Plastic-4013-Stackable-Structure%2Fdp%2FB097KHPML8%2Fref%3Dsr_1_4_sspa%3Fdib%3DeyJ2IjoiMSJ9.cycJYqb2GfGp9y44gE6AAHG8PkSBKWSrQGYfE6bQni8jKSHaRUj_5E142Y2259JrehhkoIGJJKW-1GdIG-mDppdVY_ZDlg0oCB5Xpo0Vv_rPZLbmUyd5gqOCRed1zAzE_4wFiYmXNDtZUVTl1e2bki8nIq59o3vexXr63sUpP15WOvkdG4vW0kAqejOfkeuqw3Ba9usutJFyDwxfgZZUNzz8l8byZ_gOgXjgQpgwH8EExUIQmsEC2roIf2XN2nxOrw4qhKbRWGKyqfEiftaFswBB4DePWAtXpsMsXRfWGsE.sLQw0-2WxA_l6qnhWoY_0ckyA5Qvmk8EaYZ5zvKxS24%26dib_tag%3Dse%26keywords%3Dplastic%2Bchair%26qid%3D1756913942%26sr%3D8-4-spons%26sp_csd%3Dd2lkZ2V0TmFtZT1zcF9hdGY%26psc%3D1&aref=d1rhrLhl63&sp_cr=ZAZ , https://m.media-amazon.com/images/I/41CzZ1zGbBL._SY300_SX300_QL70_FMwebp_.jpg
plastic chair,Bharat Sales Stackable Plastic Chair | Single‑Moulded Waterproof & Weather‑Resistant | Armless Ergonomic Seating for Indoor Outdoor Dining Office Events | Brown,Plastic,0.4,1,https://www.amazon.in/Bharat-Sales-Single%E2%80%91Moulded-Waterproof-Weather%E2%80%91Resistant/dp/B0FD3DTHSG/ref=sr_1_6?dib=eyJ2IjoiMSJ9.cycJYqb2GfGp9y44gE6AAHG8PkSBKWSrQGYfE6bQni8jKSHaRUj_5E142Y2259JrehhkoIGJJKW-1GdIG-mDppdVY_ZDlg0oCB5Xpo0Vv_rPZLbmUyd5gqOCRed1zAzE_4wFiYmXNDtZUVTl1e2bki8nIq59o3vexXr63sUpP15WOvkdG4vW0kAqejOfkeuqw3Ba9usutJFyDwxfgZZUNzz8l8byZ_gOgXjgQpgwH8EExUIQmsEC2roIf2XN2nxOrw4qhKbRWGKyqfEiftaFswBB4DePWAtXpsMsXRfWGsE.sLQw0-2WxA_l6qnhWoY_0ckyA5Qvmk8EaYZ5zvKxS24&dib_tag=se&keywords=plastic+chair&qid=1756913942&sr=8-6 , https://m.media-amazon.com/images/I/311KhJd9VBL._SX300_SY300_QL70_FMwebp_.jpg
plastic chair,"Bharat Sales Plastic Chair Luxury High Back Chair With Comfortable Back Posture Matt & Glos Pattern Set Of 1 Dining Bedroom, Kitchen, Living Room 150Kg Capacity Strong & Sturdy - Blue",Plastic,0.4,1,https://www.amazon.in/Bharat-Sales-Plastic-Capacity-Structure/dp/B08LBNDMYW/ref=sr_1_7?dib=eyJ2IjoiMSJ9.cycJYqb2GfGp9y44gE6AAHG8PkSBKWSrQGYfE6bQni8jKSHaRUj_5E142Y2259JrehhkoIGJJKW-1GdIG-mDppdVY_ZDlg0oCB5Xpo0Vv_rPZLbmUyd5gqOCRed1zAzE_4wFiYmXNDtZUVTl1e2bki8nIq59o3vexXr63sUpP15WOvkdG4vW0kAqejOfkeuqw3Ba9usutJFyDwxfgZZUNzz8l8byZ_gOgXjgQpgwH8EExUIQmsEC2roIf2XN2nxOrw4qhKbRWGKyqfEiftaFswBB4DePWAtXpsMsXRfWGsE.sLQw0-2WxA_l6qnhWoY_0ckyA5Qvmk8EaYZ5zvKxS24&dib_tag=se&keywords=plastic+chair&qid=1756913942&sr=8-7 , https://m.media-amazon.com/images/I/41Hjq9MS2JL._SX300_SY300_QL70_FMwebp_.jpg
vase,"TIED RIBBONS Flower Vase (Set of 2, Multi, 9.8 & 5.5 Inches) for Home Décor Decorative Ceramic Flowers Plants Living Room Bedroom Kitchen Office Wall Table Decoration Dining Table Bedroom Gift Item",Ceramic,0.25,1,https://www.amazon.in/sspa/click?ie=UTF8&spc=MTo4NDY0MzIxNTEzMTY5OTY6MTc1NjkxNDEwMjpzcF9hdGY6MjAxMTUyOTkzNzI5OTg6OjA6Og&url=%2FTIED-RIBBONS-Decorative-Centerpiece-Decoration%2Fdp%2FB0BSV5QQZT%2Fref%3Dsr_1_1_sspa%3Fdib%3DeyJ2IjoiMSJ9._jICbTCCl4EscNtEPH6mdWFBm_FtwSXOxJkrCo7IKu-k-ndHamfU34rGKeJbEeW5COBtRSsWatLF5EtQvF2ZXVU1X7oWD8eHuCAmFWQi15kUH_zKRx6_We6llQlNUtCONWQe8vQXN1Scgbl6gy9l8558LppEcTuv57_JdHIgDxPHgoaX-SSaLtTfi2tkLWOllvKJuGb_JFY4JXdEJyBurnBfe0ErIObCWprmS4zAwh7C8ZfFvrbC0yNAScXOpxRC0ZxDdgg9moRovKyu8VRQJQrTfmJXao97FT7m4_R0SAY.vKROiOqYEJoGqcVcEI-g3m-sGE01fzzdU1WCPk23t_s%26dib_tag%3Dse%26keywords%3Dvase%26qid%3D1756914102%26sr%3D8-1-spons%26sp_csd%3Dd2lkZ2V0TmFtZT1zcF9hdGY%26psc%3D1&aref=lwb01DNJAv&sp_cr=ZAZ , https://m.media-amazon.com/images/I/41ULIQLKzhL._SX300_SY300_QL70_FMwebp_.jpg
vase,Behoma Metal Hammered Vase for Home Decor Decoratives for Living Room | Best Gift for Birthday Anniversary Valentine's Day Diwali Ganpati Onam |Golden Oblong Shape 1 Large Pcs (Flower not Included),Metal,0.35,1,https://www.amazon.in/sspa/click?ie=UTF8&spc=MTo4NDY0MzIxNTEzMTY5OTY6MTc1NjkxNDEwMjpzcF9hdGY6MzAwNTAyNTQ4ODQ1NTMyOjowOjo&url=%2FHammered-Decoratives-Birthday-Anniversary-Full%2Fdp%2FB0C6Y5DDQ8%2Fref%3Dsr_1_2_sspa%3Fdib%3DeyJ2IjoiMSJ9._jICbTCCl4EscNtEPH6mdWFBm_FtwSXOxJkrCo7IKu-k-ndHamfU34rGKeJbEeW5COBtRSsWatLF5EtQvF2ZXVU1X7oWD8eHuCAmFWQi15kUH_zKRx6_We6llQlNUtCONWQe8vQXN1Scgbl6gy9l8558LppEcTuv57_JdHIgDxPHgoaX-SSaLtTfi2tkLWOllvKJuGb_JFY4JXdEJyBurnBfe0ErIObCWprmS4zAwh7C8ZfFvrbC0yNAScXOpxRC0ZxDdgg9moRovKyu8VRQJQrTfmJXao97FT7m4_R0SAY.vKROiOqYEJoGqcVcEI-g3m-sGE01fzzdU1WCPk23t_s%26dib_tag%3Dse%26keywords%3Dvase%26qid%3D1756914102%26sr%3D8-2-spons%26sp_csd%3Dd2lkZ2V0TmFtZT1zcF9hdGY%26psc%3D1&aref=iLpKGzWsJv&sp_cr=ZAZ , https://m.media-amazon.com/images/I/51uZgQj5nNL._SX300_SY300_QL70_FMwebp_.jpg
vase,Behoma Metal Flower Vase for Home Decor Living Room Kitchen Office Wedding | Round Shape Metal Table Decorative Flower Pot Gold Colour Small (Flower not Included),Metal,0.36,1,https://www.amazon.in/sspa/click?ie=UTF8&spc=MTo4NDY0MzIxNTEzMTY5OTY6MTc1NjkxNDEwMjpzcF9hdGY6MzAwNDE0MzAxMjM1MjMyOjowOjo&url=%2FKitchen-Wedding-Decorative-Small-Included%2Fdp%2FB0D6QQXSTW%2Fref%3Dsr_1_3_sspa%3Fdib%3DeyJ2IjoiMSJ9._jICbTCCl4EscNtEPH6mdWFBm_FtwSXOxJkrCo7IKu-k-ndHamfU34rGKeJbEeW5COBtRSsWatLF5EtQvF2ZXVU1X7oWD8eHuCAmFWQi15kUH_zKRx6_We6llQlNUtCONWQe8vQXN1Scgbl6gy9l8558LppEcTuv57_JdHIgDxPHgoaX-SSaLtTfi2tkLWOllvKJuGb_JFY4JXdEJyBurnBfe0ErIObCWprmS4zAwh7C8ZfFvrbC0yNAScXOpxRC0ZxDdgg9moRovKyu8VRQJQrTfmJXao97FT7m4_R0SAY.vKROiOqYEJoGqcVcEI-g3m-sGE01fzzdU1WCPk23t_s%26dib_tag%3Dse%26keywords%3Dvase%26qid%3D1756914102%26sr%3D8-3-spons%26sp_csd%3Dd2lkZ2V0TmFtZT1zcF9hdGY%26psc%3D1&aref=2Iw0GtvZmj&sp_cr=ZAZ , https://m.media-amazon.com/images/I/41yz8m0menL._SX300_SY300_QL70_FMwebp_.jpg
vase,"Behoma Glossy Golden Metal Flower Vase for Home Decor| Decoration Item for Living Room Office|Table Decorative Flower Pot for Gifting on Diwali Ganpati Onam | (Pack of 2, Gold) (Flowers not Included)",Metal,0.9,2,https://www.amazon.in/sspa/click?ie=UTF8&spc=MTo4NDY0MzIxNTEzMTY5OTY6MTc1NjkxNDEwMjpzcF9hdGY6MzAwNDk2NDA3Mzc2OTMyOjowOjo&url=%2FDecoration-Decorative-Gifting-Gold-Included%2Fdp%2FB0DQDM384V%2Fref%3Dsr_1_4_sspa%3Fdib%3DeyJ2IjoiMSJ9._jICbTCCl4EscNtEPH6mdWFBm_FtwSXOxJkrCo7IKu-k-ndHamfU34rGKeJbEeW5COBtRSsWatLF5EtQvF2ZXVU1X7oWD8eHuCAmFWQi15kUH_zKRx6_We6llQlNUtCONWQe8vQXN1Scgbl6gy9l8558LppEcTuv57_JdHIgDxPHgoaX-SSaLtTfi2tkLWOllvKJuGb_JFY4JXdEJyBurnBfe0ErIObCWprmS4zAwh7C8ZfFvrbC0yNAScXOpxRC0ZxDdgg9moRovKyu8VRQJQrTfmJXao97FT7m4_R0SAY.vKROiOqYEJoGqcVcEI-g3m-sGE01fzzdU1WCPk23t_s%26dib_tag%3Dse%26keywords%3Dvase%26qid%3D1756914102%26sr%3D8-4-spons%26sp_csd%3Dd2lkZ2V0TmFtZT1zcF9hdGY%26psc%3D1&aref=3aqZqILfvH&sp_cr=ZAZ , https://m.media-amazon.com/images/I/517B1RjiNoL._SX300_SY300_QL70_FMwebp_.jpg
vase,"SPHINX White Ceramic Donut Vase, 6 Inch Modern Flower Vase for Pampas Grass, Dried Flowers, Home & Office Decor, Centerpiece, Handcrafted Gift Vase Only","Ceramic, Porcelain",0.39,1,https://www.amazon.in/SPHINX-Ceramic-Flower-Centrepiece-Gifts-Vase/dp/B0CQ23K1SB/ref=sr_1_5?dib=eyJ2IjoiMSJ9._jICbTCCl4EscNtEPH6mdWFBm_FtwSXOxJkrCo7IKu-k-ndHamfU34rGKeJbEeW5COBtRSsWatLF5EtQvF2ZXVU1X7oWD8eHuCAmFWQi15kUH_zKRx6_We6llQlNUtCONWQe8vQXN1Scgbl6gy9l8558LppEcTuv57_JdHIgDxPHgoaX-SSaLtTfi2tkLWOllvKJuGb_JFY4JXdEJyBurnBfe0ErIObCWprmS4zAwh7C8ZfFvrbC0yNAScXOpxRC0ZxDdgg9moRovKyu8VRQJQrTfmJXao97FT7m4_R0SAY.vKROiOqYEJoGqcVcEI-g3m-sGE01fzzdU1WCPk23t_s&dib_tag=se&keywords=vase&qid=1756914102&sr=8-5 , https://m.media-amazon.com/images/I/51OgGN51CbL._SX300_SY300_QL70_FMwebp_.jpg
vase,"SPHINX Decorative Glass Vase for Flowers Plants Home Decor Office Living Table Decorations, Vases for Home Decor, Luster Glass Vase, Heavy Weight, Sturdy- (Crystal Amber, Approx 9 Inches Height)",Glass,0.32,1,https://www.amazon.in/SPHINX-Decorative-Flowers-Plants-Decorations/dp/B0CSWJ39V4/ref=sr_1_6?dib=eyJ2IjoiMSJ9._jICbTCCl4EscNtEPH6mdWFBm_FtwSXOxJkrCo7IKu-k-ndHamfU34rGKeJbEeW5COBtRSsWatLF5EtQvF2ZXVU1X7oWD8eHuCAmFWQi15kUH_zKRx6_We6llQlNUtCONWQe8vQXN1Scgbl6gy9l8558LppEcTuv57_JdHIgDxPHgoaX-SSaLtTfi2tkLWOllvKJuGb_JFY4JXdEJyBurnBfe0ErIObCWprmS4zAwh7C8ZfFvrbC0yNAScXOpxRC0ZxDdgg9moRovKyu8VRQJQrTfmJXao97FT7m4_R0SAY.vKROiOqYEJoGqcVcEI-g3m-sGE01fzzdU1WCPk23t_s&dib_tag=se&keywords=vase&qid=1756914102&sr=8-6 , https://m.media-amazon.com/images/I/51IMYzwIY0L._SX300_SY300_QL70_FMwebp_.jpg
vase,"SPHINX Ribbed Pipe Ceramic Vase, Flower Vase, Pampas Grass Vase, Vase for Money Plant Live Plants, Vase Home Decor Centrepiece Decor for Home, Office, or Gifts VASE ONLY NO Flowers- (White, 6 Inch)",Ceramic,0.3,1,https://www.amazon.in/SPHINX-Ceramic-Centrepiece-Flowers-White/dp/B0CWY4TKNW/ref=sr_1_8?dib=eyJ2IjoiMSJ9._jICbTCCl4EscNtEPH6mdWFBm_FtwSXOxJkrCo7IKu-k-ndHamfU34rGKeJbEeW5COBtRSsWatLF5EtQvF2ZXVU1X7oWD8eHuCAmFWQi15kUH_zKRx6_We6llQlNUtCONWQe8vQXN1Scgbl6gy9l8558LppEcTuv57_JdHIgDxPHgoaX-SSaLtTfi2tkLWOllvKJuGb_JFY4JXdEJyBurnBfe0ErIObCWprmS4zAwh7C8ZfFvrbC0yNAScXOpxRC0ZxDdgg9moRovKyu8VRQJQrTfmJXao97FT7m4_R0SAY.vKROiOqYEJoGqcVcEI-g3m-sGE01fzzdU1WCPk23t_s&dib_tag=se&keywords=vase&qid=1756914102&sr=8-8 , https://m.media-amazon.com/images/I/41c1M7IQpzL._SY300_SX300_QL70_FMwebp_.jpg
vase,"Zynkraft Ribbed Pipe Ceramic Flower Vase for Home Decor, Pampas Grass & Live Plants – Decorative Centrepiece for Living Room, Office or Gifting – (Off-White, 6 Inch, Vase Only No Flowers)",Ceramic,0.3,1,https://www.amazon.in/Zynkraft-Ribbed-Ceramic-Flower-Pampas/dp/B0FN84HLBP/ref=sr_1_9?dib=eyJ2IjoiMSJ9._jICbTCCl4EscNtEPH6mdWFBm_FtwSXOxJkrCo7IKu-k-ndHamfU34rGKeJbEeW5COBtRSsWatLF5EtQvF2ZXVU1X7oWD8eHuCAmFWQi15kUH_zKRx6_We6llQlNUtCONWQe8vQXN1Scgbl6gy9l8558LppEcTuv57_JdHIgDxPHgoaX-SSaLtTfi2tkLWOllvKJuGb_JFY4JXdEJyBurnBfe0ErIObCWprmS4zAwh7C8ZfFvrbC0yNAScXOpxRC0ZxDdgg9moRovKyu8VRQJQrTfmJXao97FT7m4_R0SAY.vKROiOqYEJoGqcVcEI-g3m-sGE01fzzdU1WCPk23t_s&dib_tag=se&keywords=vase&qid=1756914102&sr=8-9 , https://m.media-amazon.com/images/I/41avN027QnL._SX300_SY300_QL70_FMwebp_.jpg
vase,"PUREZENTO White Ribbed Texture Ceramic Vase - 6 Inch | Vases for Decor Centerpiece Home Decor, Office, Living Room | Decorative Vases for Pampas Grass, Dried & Artificial Flowers",Ceramic,0.51,1,https://www.amazon.in/PUREZENTO-Ribbed-Texture-Ceramic-Vase/dp/B0DGD8QB1D/ref=sr_1_10?dib=eyJ2IjoiMSJ9._jICbTCCl4EscNtEPH6mdWFBm_FtwSXOxJkrCo7IKu-k-ndHamfU34rGKeJbEeW5COBtRSsWatLF5EtQvF2ZXVU1X7oWD8eHuCAmFWQi15kUH_zKRx6_We6llQlNUtCONWQe8vQXN1Scgbl6gy9l8558LppEcTuv57_JdHIgDxPHgoaX-SSaLtTfi2tkLWOllvKJuGb_JFY4JXdEJyBurnBfe0ErIObCWprmS4zAwh7C8ZfFvrbC0yNAScXOpxRC0ZxDdgg9moRovKyu8VRQJQrTfmJXao97FT7m4_R0SAY.vKROiOqYEJoGqcVcEI-g3m-sGE01fzzdU1WCPk23t_s&dib_tag=se&keywords=vase&qid=1756914102&sr=8-10 , https://m.media-amazon.com/images/I/41pdmNORkdL._SX300_SY300_QL70_FMwebp_.jpg
plastic chair,"Creative Modern Cane Dining Chair (Set of 4) with Armrests, Plastic Look Woven Rattan Back and Seat, Grey Frame",Plastic,6,4,https://www.amazon.in/sspa/click?ie=UTF8&spc=MToxNTM1NzkxMDIwNTc5MzE4OjE3NTY5MTM5NDM6c3BfYXRmOjMwMDY0Njk3MTY3MzkzMjo6MDo6&url=%2FCreative-Modern-Dining-Armrests-Plastic%2Fdp%2FB0FGW55WTR%2Fref%3Dsr_1_1_sspa%3Fdib%3DeyJ2IjoiMSJ9.cycJYqb2GfGp9y44gE6AAHG8PkSBKWSrQGYfE6bQni8jKSHaRUj_5E142Y2259JrehhkoIGJJKW-1GdIG-mDppdVY_ZDlg0oCB5Xpo0Vv_rPZLbmUyd5gqOCRed1zAzE_4wFiYmXNDtZUVTl1e2bki8nIq59o3vexXr63sUpP15WOvkdG4vW0kAqejOfkeuqw3Ba9usutJFyDwxfgZZUNzz8l8byZ_gOgXjgQpgwH8EExUIQmsEC2roIf2XN2nxOrw4qhKbRWGKyqfEiftaFswBB4DePWAtXpsMsXRfWGsE.sLQw0-2WxA_l6qnhWoY_0ckyA5Qvmk8EaYZ5zvKxS24%26dib_tag%3Dse%26keywords%3Dplastic%2Bchair%26qid%3D1756913942%26sr%3D8-1-spons%26sp_csd%3Dd2lkZ2V0TmFtZT1zcF9hdGY%26psc%3D1&aref=uGNjcH9ygb&sp_cr=ZAZ , https://m.media-amazon.com/images/I/41rft2ryhuL._SY300_SX300_QL70_FMwebp_.jpg
plastic chair,"Homiboss Plastic Chair Set of 6, kursi, Chairs for Home, Office, Outdoor and Indoor Color - Brown Set of 6 Pieces",Plastic,1,6,https://www.amazon.in/sspa/click?ie=UTF8&spc=MToxNTM1NzkxMDIwNTc5MzE4OjE3NTY5MTM5NDM6c3BfYXRmOjMwMDUxMDEzNDM2MjEzMjo6MDo6&url=%2FHomiboss-Premium-Plastic-Bedroom-Kitchen%2Fdp%2FB0B5N1VQ5G%2Fref%3Dsr_1_2_sspa%3Fdib%3DeyJ2IjoiMSJ9.cycJYqb2GfGp9y44gE6AAHG8PkSBKWSrQGYfE6bQni8jKSHaRUj_5E142Y2259JrehhkoIGJJKW-1GdIG-mDppdVY_ZDlg0oCB5Xpo0Vv_rPZLbmUyd5gqOCRed1zAzE_4wFiYmXNDtZUVTl1e2bki8nIq59o3vexXr63sUpP15WOvkdG4vW0kAqejOfkeuqw3Ba9usutJFyDwxfgZZUNzz8l8byZ_gOgXjgQpgwH8EExUIQmsEC2roIf2XN2nxOrw4qhKbRWGKyqfEiftaFswBB4DePWAtXpsMsXRfWGsE.sLQw0-2WxA_l6qnhWoY_0ckyA5Qvmk8EaYZ5zvKxS24%26dib_tag%3Dse%26keywords%3Dplastic%2Bchair%26qid%3D1756913942%26sr%3D8-2-spons%26sp_csd%3Dd2lkZ2V0TmFtZT1zcF9hdGY%26psc%3D1&aref=PEzHYR3CBV&sp_cr=ZAZ , https://m.media-amazon.com/images/I/41SJ8YlzobL._SY300_SX300_QL70_FMwebp_.jpg
plastic chair,"Nilkamal Plastic Chair for Living room with Arm |Set of 2 | 3 Year Warranty | For Home, Living Room, Outdoor | Marble Beige Colour | CHR2101",Plastic,4,2,https://www.amazon.in/sspa/click?ie=UTF8&spc=MToxNTM1NzkxMDIwNTc5MzE4OjE3NTY5MTM5NDM6c3BfYXRmOjMwMDYyMTU2MTE1NjAzMjo6MDo6&url=%2FNilkamal-CHR2101-Plastic-Chair-Marble%2Fdp%2FB07X88HCMW%2Fref%3Dsr_1_3_sspa%3Fdib%3DeyJ2IjoiMSJ9.cycJYqb2GfGp9y44gE6AAHG8PkSBKWSrQGYfE6bQni8jKSHaRUj_5E142Y2259JrehhkoIGJJKW-1GdIG-mDppdVY_ZDlg0oCB5Xpo0Vv_rPZLbmUyd5gqOCRed1zAzE_4wFiYmXNDtZUVTl1e2bki8nIq59o3vexXr63sUpP15WOvkdG4vW0kAqejOfkeuqw3Ba9usutJFyDwxfgZZUNzz8l8byZ_gOgXjgQpgwH8EExUIQmsEC2roIf2XN2nxOrw4qhKbRWGKyqfEiftaFswBB4DePWAtXpsMsXRfWGsE.sLQw0-2WxA_l6qnhWoY_0ckyA5Qvmk8EaYZ5zvKxS24%26dib_tag%3Dse%26keywords%3Dplastic%2Bchair%26qid%3D1756913942%26sr%3D8-3-spons%26sp_csd%3Dd2lkZ2V0TmFtZT1zcF9hdGY%26psc%3D1&aref=sIAIMnDAIv&sp_cr=ZAZ , https://m.media-amazon.com/images/I/31tEJlPNfeL._SX300_SY300_QL70_FMwebp_.jpg
plastic chair,"Nilkamal Plastic Chair for Living Room with Arm | 3 Year Warranty | for Home, Living Room, Outdoor | Season Rust Brown Colour | Mystique",Polypropylene,2,1,https://www.amazon.in/Nilkamal-Armchair-Polypropylene-Capacity-Structure/dp/B09GYRKY4L/ref=sr_1_8?dib=eyJ2IjoiMSJ9.cycJYqb2GfGp9y44gE6AAHG8PkSBKWSrQGYfE6bQni8jKSHaRUj_5E142Y2259JrehhkoIGJJKW-1GdIG-mDppdVY_ZDlg0oCB5Xpo0Vv_rPZLbmUyd5gqOCRed1zAzE_4wFiYmXNDtZUVTl1e2bki8nIq59o3vexXr63sUpP15WOvkdG4vW0kAqejOfkeuqw3Ba9usutJFyDwxfgZZUNzz8l8byZ_gOgXjgQpgwH8EExUIQmsEC2roIf2XN2nxOrw4qhKbRWGKyqfEiftaFswBB4DePWAtXpsMsXRfWGsE.sLQw0-2WxA_l6qnhWoY_0ckyA5Qvmk8EaYZ5zvKxS24&dib_tag=se&keywords=plastic+chair&qid=1756913942&sr=8-8 , https://m.media-amazon.com/images/I/31hK44Q4B8L.jpg
plastic chair,"Cello Comfort Sit Chair with Arm Rest, Rosewood | 100% Polypropylene Stackable | Strong & Durable | Easy to Clean | for Living/Bed Room, Kitchen, Office Room, Outdoor | 3 Years Warranty",Plastic,1,1,https://www.amazon.in/Cello-Comfort-Sit-Chair-Rosewood/dp/B08L52LKRC/ref=sr_1_9?dib=eyJ2IjoiMSJ9.cycJYqb2GfGp9y44gE6AAHG8PkSBKWSrQGYfE6bQni8jKSHaRUj_5E142Y2259JrehhkoIGJJKW-1GdIG-mDppdVY_ZDlg0oCB5Xpo0Vv_rPZLbmUyd5gqOCRed1zAzE_4wFiYmXNDtZUVTl1e2bki8nIq59o3vexXr63sUpP15WOvkdG4vW0kAqejOfkeuqw3Ba9usutJFyDwxfgZZUNzz8l8byZ_gOgXjgQpgwH8EExUIQmsEC2roIf2XN2nxOrw4qhKbRWGKyqfEiftaFswBB4DePWAtXpsMsXRfWGsE.sLQw0-2WxA_l6qnhWoY_0ckyA5Qvmk8EaYZ5zvKxS24&dib_tag=se&keywords=plastic+chair&qid=1756913942&sr=8-9 , https://m.media-amazon.com/images/I/517qC4RQnRL._SX300_SY300_QL70_FMwebp_.jpg
plastic chair,"Nilkamal Plastic Chair for Living room with Arm | 3 Year Warranty | For Home, Living Room, Outdoor | Marble Beige Colour | CHR2101",Plastic,2,1,https://www.amazon.in/Nilkamal-Ergonomic-Designed-Plastic-Experience/dp/B07SWRMVCS/ref=sr_1_10?dib=eyJ2IjoiMSJ9.cycJYqb2GfGp9y44gE6AAHG8PkSBKWSrQGYfE6bQni8jKSHaRUj_5E142Y2259JrehhkoIGJJKW-1GdIG-mDppdVY_ZDlg0oCB5Xpo0Vv_rPZLbmUyd5gqOCRed1zAzE_4wFiYmXNDtZUVTl1e2bki8nIq59o3vexXr63sUpP15WOvkdG4vW0kAqejOfkeuqw3Ba9usutJFyDwxfgZZUNzz8l8byZ_gOgXjgQpgwH8EExUIQmsEC2roIf2XN2nxOrw4qhKbRWGKyqfEiftaFswBB4DePWAtXpsMsXRfWGsE.sLQw0-2WxA_l6qnhWoY_0ckyA5Qvmk8EaYZ5zvKxS24&dib_tag=se&keywords=plastic+chair&qid=1756913942&sr=8-10 , https://m.media-amazon.com/images/I/31xnYe0sdDL._SX300_SY300_QL70_FMwebp_.jpg
vase,"Glass Vase Bowl, 6""/ 8"" Wide Mouth Flower Vase Round, Glass Hydroponic Planter Floral Container (1 Pack)",Glass,1,1,https://www.amazon.in/Flower-Hydroponic-Planter-Floral-Container/dp/B0FLK3DMYQ/ref=sr_1_7?dib=eyJ2IjoiMSJ9._jICbTCCl4EscNtEPH6mdWFBm_FtwSXOxJkrCo7IKu-k-ndHamfU34rGKeJbEeW5COBtRSsWatLF5EtQvF2ZXVU1X7oWD8eHuCAmFWQi15kUH_zKRx6_We6llQlNUtCONWQe8vQXN1Scgbl6gy9l8558LppEcTuv57_JdHIgDxPHgoaX-SSaLtTfi2tkLWOllvKJuGb_JFY4JXdEJyBurnBfe0ErIObCWprmS4zAwh7C8ZfFvrbC0yNAScXOpxRC0ZxDdgg9moRovKyu8VRQJQrTfmJXao97FT7m4_R0SAY.vKROiOqYEJoGqcVcEI-g3m-sGE01fzzdU1WCPk23t_s&dib_tag=se&keywords=vase&qid=1756914102&sr=8-7 , https://m.media-amazon.com/images/I/516dcS95qXL._SY300_SX300_QL70_FMwebp_.jpg